Player,Age,G,GS,MP,PTS,TRB,AST,STL,BLK,TOV,FGA,FG,FTA,FT,3PA,3P,PF,PER
A.J. Green,23,35,1,9.9,4.4,1.3,0.6,0.2,0.0,0.3,3.6,1.5,0.1,0.1,3.0,1.3,0.9,0.12
A.J. Lawson,66,30,0,16.8,9.6,3.8,0.2,0.2,0.0,0.4,7.0,4.0,1.1,0.2,3.5,1.4,2.4,0.32
AJ Griffin,19,72,12,19.5,8.9,2.1,1.0,0.6,0.2,0.6,7.4,3.4,0.7,0.6,3.6,1.4,1.2,0.11
Aaron Gordon,27,68,68,30.2,16.3,6.6,3.0,0.8,0.8,1.4,11.2,6.3,4.6,2.8,2.5,0.9,1.9,0.29
Aaron Holiday,26,63,6,13.4,3.9,1.2,1.4,0.6,0.2,0.6,3.5,1.5,0.5,0.4,1.4,0.6,1.3,0.07
Aaron Nesmith,23,73,60,24.9,10.1,3.8,1.3,0.8,0.5,1.0,8.1,3.5,1.9,1.6,4.3,1.6,3.2,0.15
Al Horford,36,63,63,30.5,9.8,6.2,3.0,0.5,1.0,0.6,7.6,3.6,0.3,0.2,5.2,2.3,1.9,0.25
Alec Burks,31,51,8,22.0,12.8,3.1,2.2,0.7,0.2,1.1,9.0,3.9,3.7,3.0,4.7,1.9,1.9,0.24
Aleksej Pokusevski,21,34,25,20.6,8.1,4.7,1.9,0.6,1.3,1.3,7.3,3.2,1.0,0.6,3.1,1.1,1.7,0.32
Alex Caruso,28,67,36,23.5,5.6,2.9,2.9,1.5,0.7,1.1,4.3,1.9,1.1,0.9,2.3,0.8,2.4,0.15
Alex Len,29,26,2,6.2,1.7,2.3,0.5,0.2,0.4,0.6,1.2,0.6,0.6,0.4,0.1,0.0,1.1,0.14
Alize Johnson,26,4,0,7.5,1.8,2.5,0.3,0.3,0.0,1.0,1.5,0.8,0.5,0.3,0.5,0.0,0.8,0.75
Amir Coffey,25,50,9,12.5,3.4,1.1,1.1,0.1,0.1,0.4,2.9,1.1,1.3,1.0,0.8,0.2,1.0,0.07
Andre Drummond,29,67,0,12.7,6.0,6.6,0.5,0.7,0.4,1.1,4.1,2.5,1.9,1.0,0.0,0.0,1.7,0.16
Andre Iguodala,39,8,0,14.1,2.1,2.1,2.4,0.5,0.4,1.1,1.9,0.9,0.4,0.3,1.1,0.1,1.4,0.66
Andrew Nembhard,23,75,63,27.6,9.5,2.7,4.5,0.9,0.2,1.7,8.6,3.8,0.8,0.7,3.5,1.2,2.4,0.15
Anthony Davis,29,56,54,34.0,25.9,12.5,2.6,1.1,2.0,2.2,17.2,9.7,7.9,6.2,1.3,0.3,2.6,0.58
Anthony Edwards,21,79,79,36.0,24.6,5.8,4.4,1.6,0.7,3.3,19.5,8.9,5.3,4.0,7.3,2.7,2.4,0.28
Anthony Gill,30,59,8,10.6,3.3,1.7,0.6,0.1,0.2,0.3,2.2,1.2,1.1,0.8,0.5,0.1,1.2,0.07
Anthony Lamb,25,62,4,19.3,6.7,3.5,1.5,0.5,0.3,0.9,5.1,2.4,1.0,0.7,3.2,1.2,2.2,0.14
Ayo Dosunmu,23,80,51,26.2,8.6,2.8,2.6,0.8,0.3,1.2,7.1,3.5,1.0,0.8,2.4,0.7,2.3,0.13
Bam Adebayo,25,75,75,34.6,20.4,9.2,3.2,1.2,0.8,2.5,14.9,8.0,5.4,4.3,0.2,0.0,2.8,0.32
Bennedict Mathurin,20,78,17,28.5,16.7,4.1,1.5,0.6,0.2,1.9,12.2,5.3,5.8,4.8,4.0,1.3,2.1,0.17
Bismack Biyombo,30,61,14,14.3,4.3,4.3,0.9,0.3,1.4,0.8,3.4,2.0,1.1,0.4,0.0,0.0,1.9,0.14
Blake Griffin,33,41,16,13.9,4.1,3.8,1.5,0.3,0.2,0.5,3.2,1.5,0.8,0.5,1.6,0.6,1.8,0.18
Boban MarjanoviÄ‡,34,31,0,5.5,3.3,1.9,0.3,0.2,0.1,0.5,1.9,1.3,0.9,0.6,0.0,0.0,0.3,0.14
Bogdan BogdanoviÄ‡,30,54,9,27.9,14.0,3.1,2.8,0.8,0.3,1.2,11.3,5.1,1.4,1.2,6.7,2.7,1.6,0.25
Bojan BogdanoviÄ‡,33,59,59,32.1,21.6,3.8,2.6,0.6,0.1,2.3,14.9,7.3,5.1,4.5,6.0,2.5,1.9,0.31
Bol Bol,23,70,33,21.5,9.1,5.8,1.0,0.4,1.2,1.6,6.8,3.7,1.5,1.2,1.6,0.4,1.3,0.18
Bones Hyland,66,112,2,57.8,34.7,7.9,9.5,2.2,0.7,4.2,30.3,12.1,5.2,4.3,16.6,6.2,5.4,0.28
Bradley Beal,29,50,50,33.5,23.2,3.9,5.4,0.9,0.7,2.9,17.6,8.9,4.6,3.8,4.4,1.6,2.1,0.43
Brandon Boston Jr.,21,22,1,11.3,6.5,1.4,0.9,0.4,0.0,0.5,5.5,2.3,1.7,1.3,1.3,0.5,1.0,0.23
Brandon Clarke,26,56,8,19.5,10.0,5.5,1.3,0.6,0.7,1.0,6.2,4.1,2.4,1.8,0.1,0.0,2.3,0.26
Brandon Ingram,25,45,45,34.2,24.7,5.5,5.8,0.7,0.4,3.3,18.6,9.0,6.0,5.3,3.6,1.4,2.6,0.52
Braxton Key,25,3,0,3.0,1.3,0.3,0.0,0.0,0.0,0.0,0.3,0.3,0.7,0.7,0.0,0.0,0.0,0.53
Brook Lopez,34,78,78,30.4,15.9,6.7,1.3,0.5,2.5,1.4,11.5,6.1,2.4,1.9,4.7,1.7,2.6,0.25
Bruce Brown,26,80,31,28.5,11.5,4.1,3.4,1.1,0.6,1.5,9.3,4.5,1.9,1.5,3.2,1.1,2.4,0.18
Bruno Fernando,72,78,8,27.2,11.4,9.3,1.9,0.4,2.3,1.8,8.3,4.4,3.5,2.5,0.5,0.0,4.9,0.24
Bryce McGowens,20,46,7,17.1,5.3,2.0,1.2,0.3,0.1,0.9,4.4,1.7,1.7,1.3,1.7,0.6,1.0,0.11
Bryn Forbes,29,25,0,10.7,3.6,0.6,0.7,0.3,0.1,0.5,3.3,1.2,0.6,0.6,1.8,0.6,0.9,0.11
Buddy Boeheim,23,10,0,9.0,1.6,0.6,0.4,0.2,0.0,0.0,2.7,0.5,0.2,0.2,2.5,0.4,0.6,0.06
Buddy Hield,30,80,73,31.0,16.8,5.0,2.8,1.2,0.3,1.7,13.0,5.9,1.6,1.3,8.5,3.6,2.0,0.21
CJ McCollum,31,75,75,35.3,20.9,4.4,5.7,0.9,0.5,2.4,17.9,7.8,3.2,2.4,7.2,2.8,2.0,0.25
Cade Cunningham,21,12,12,33.3,19.9,6.2,6.0,0.8,0.6,3.3,18.7,7.8,3.6,3.0,5.1,1.4,2.8,1.56
Caleb Houstan,20,51,4,15.9,3.8,1.9,0.6,0.2,0.1,0.4,3.6,1.3,0.4,0.3,2.7,0.9,1.2,0.07
Caleb Martin,27,71,49,29.3,9.6,4.8,1.6,1.0,0.4,1.1,7.7,3.6,1.6,1.3,3.3,1.2,2.0,0.17
Cameron Johnson,78,84,82,84.5,46.0,13.0,5.5,3.5,1.0,2.6,33.5,15.7,8.3,7.0,18.1,7.4,5.9,0.56
Cameron Payne,28,48,15,20.2,10.3,2.2,4.5,0.7,0.2,1.7,9.4,3.9,1.3,1.0,3.9,1.4,1.8,0.22
Caris LeVert,28,74,30,30.2,12.1,3.8,3.9,1.0,0.3,1.6,10.0,4.3,2.4,1.8,4.4,1.7,2.3,0.18
Carlik Jones,25,7,0,8.0,2.9,0.7,0.9,0.3,0.0,0.3,2.1,0.9,1.1,0.7,0.9,0.4,0.3,0.41
Cedi Osman,27,77,2,20.1,8.7,2.3,1.5,0.5,0.1,0.7,6.9,3.1,1.4,1.0,4.1,1.5,1.6,0.11
Chance Comanche,26,1,0,21.0,7.0,3.0,0.0,0.0,1.0,0.0,5.0,3.0,4.0,1.0,0.0,0.0,0.0,6.0
Charles Bassey,22,35,2,14.5,5.7,5.5,1.3,0.5,0.9,1.2,3.9,2.5,1.1,0.6,0.2,0.1,2.1,0.31
Chima Moneke,27,2,0,4.0,1.0,1.0,0.5,0.0,0.0,1.0,1.0,0.5,1.0,0.0,0.0,0.0,1.0,0.0
Chimezie Metu,25,66,0,10.4,4.9,3.0,0.6,0.3,0.3,0.5,3.3,2.0,1.1,0.8,0.6,0.1,1.2,0.11
Chris Boucher,30,76,0,20.0,9.4,5.5,0.4,0.6,0.8,0.5,7.0,3.4,2.2,1.7,2.5,0.8,1.9,0.16
Chris Duarte,25,46,12,19.5,7.9,2.5,1.4,0.5,0.2,0.9,7.2,2.7,1.6,1.3,3.8,1.2,1.4,0.15
Chris Paul,37,59,59,32.0,13.9,4.3,8.9,1.5,0.4,1.9,11.3,5.0,2.7,2.3,4.4,1.7,2.1,0.35
Christian Braun,21,76,6,15.5,4.7,2.4,0.8,0.5,0.2,0.5,3.8,1.9,0.8,0.5,1.3,0.4,1.3,0.08
Christian Koloko,22,58,19,13.8,3.1,2.9,0.5,0.4,1.0,0.3,2.6,1.2,1.0,0.6,0.2,0.0,2.2,0.1
Chuma Okeke,24,27,8,19.2,4.7,3.6,1.4,0.7,0.4,0.6,4.5,1.6,0.8,0.6,3.2,1.0,1.5,0.26
Clint Capela,28,65,63,26.6,12.0,11.0,0.9,0.7,1.2,0.8,8.2,5.4,2.0,1.2,0.0,0.0,2.1,0.33
Cody Martin,27,7,0,19.1,5.0,3.4,1.6,0.6,0.1,0.3,5.1,2.0,1.0,0.6,2.0,0.4,1.9,0.99
Cole Anthony,22,60,4,25.9,13.0,4.8,3.9,0.6,0.5,1.5,10.2,4.6,2.8,2.5,3.4,1.3,2.6,0.26
Corey Kispert,23,74,45,28.3,11.1,2.8,1.2,0.4,0.1,0.7,7.9,3.9,1.2,1.0,5.2,2.2,1.3,0.14
Cory Joseph,31,62,2,19.8,6.9,1.7,3.5,0.5,0.1,0.9,5.7,2.4,1.2,0.9,2.9,1.1,1.4,0.13
Daishen Nix,20,57,7,16.0,4.0,1.7,2.3,0.5,0.1,1.5,4.2,1.4,0.6,0.4,2.5,0.7,1.0,0.07
Dalano Banton,23,31,2,9.0,4.6,1.5,1.2,0.4,0.4,0.6,4.2,1.8,0.8,0.5,1.6,0.5,1.1,0.15
Damian Jones,81,82,2,35.4,10.6,9.0,1.2,0.6,1.5,1.7,6.4,4.0,2.1,1.6,1.2,0.7,4.1,0.22
Damian Lillard,32,58,58,36.3,32.2,4.8,7.3,0.9,0.3,3.3,20.7,9.6,9.6,8.8,11.3,4.2,1.9,0.52
Damion Lee,30,74,5,20.4,8.2,3.0,1.3,0.4,0.1,1.1,6.1,2.7,1.4,1.3,3.3,1.5,1.6,0.11
Daniel Gafford,24,78,47,20.6,9.0,5.6,1.1,0.4,1.3,1.1,5.1,3.7,2.4,1.6,0.0,0.0,2.4,0.18
Danny Green,105,22,0,38.7,15.0,3.9,1.7,1.4,0.7,2.8,13.0,5.4,0.2,0.2,9.7,4.1,4.8,0.56
Danuel House Jr.,29,56,5,14.4,4.8,1.7,0.8,0.3,0.2,0.5,3.5,1.7,1.1,0.8,2.0,0.7,1.2,0.09
Darius Bazley,66,86,2,38.4,14.6,8.9,2.7,1.4,2.3,1.9,12.3,5.6,4.1,2.2,3.6,1.3,3.3,0.23
Darius Days,23,4,0,6.3,3.8,1.5,0.3,0.0,0.3,0.0,3.0,1.3,0.5,0.5,2.5,0.8,0.5,1.05
Darius Garland,23,69,69,35.5,21.6,2.7,7.8,1.2,0.1,2.9,16.4,7.6,4.7,4.0,6.0,2.4,2.1,0.3
David Duke Jr.,23,23,0,9.9,3.7,1.3,0.9,0.4,0.0,0.8,3.4,1.6,0.7,0.5,0.5,0.0,1.3,0.15
Davion Mitchell,24,80,9,18.1,5.6,1.3,2.3,0.6,0.2,0.8,5.0,2.3,0.4,0.3,2.5,0.8,1.4,0.08
De'Aaron Fox,25,73,73,33.4,25.0,4.2,6.1,1.1,0.3,2.5,18.2,9.3,6.0,4.7,5.0,1.6,2.4,0.33
De'Andre Hunter,25,67,67,31.7,15.4,4.2,1.4,0.5,0.3,1.2,12.3,5.7,3.1,2.6,4.3,1.5,3.0,0.2
De'Anthony Melton,24,77,58,27.9,10.1,4.1,2.6,1.6,0.5,1.3,8.5,3.6,1.1,0.9,5.2,2.0,2.5,0.16
DeAndre Jordan,34,39,8,15.0,5.1,5.2,0.9,0.3,0.6,1.2,2.9,2.3,1.2,0.6,0.0,0.0,1.8,0.25
DeMar DeRozan,33,74,74,36.2,24.5,4.6,5.1,1.1,0.5,2.1,17.6,8.9,7.1,6.2,1.9,0.6,2.5,0.33
Deandre Ayton,24,67,67,30.4,18.0,10.0,1.7,0.6,0.8,1.8,13.2,7.8,3.0,2.3,0.4,0.1,2.8,0.35
Dejounte Murray,26,74,74,36.4,20.5,5.3,6.1,1.5,0.3,2.2,17.8,8.3,2.6,2.1,5.2,1.8,1.4,0.29
Deni Avdija,22,76,40,26.6,9.2,6.4,2.8,0.9,0.4,1.6,7.6,3.3,2.2,1.6,3.1,0.9,2.8,0.17
Deonte Burton,29,2,0,3.0,0.0,0.0,0.0,0.0,0.0,0.0,1.0,0.0,0.0,0.0,0.5,0.0,0.0,-0.5
Derrick Jones Jr.,25,64,0,14.0,5.0,2.4,0.5,0.5,0.6,0.4,3.6,1.8,1.3,1.0,1.3,0.4,1.3,0.1
Desmond Bane,24,58,58,31.7,21.5,5.0,4.4,1.0,0.4,2.2,16.2,7.8,3.5,3.1,7.0,2.9,2.6,0.37
Devin Booker,26,53,53,34.6,27.8,4.5,5.5,1.0,0.3,2.7,20.1,9.9,6.8,5.8,6.0,2.1,3.0,0.48
Devon Dotson,23,6,0,8.8,0.5,1.7,1.3,0.8,0.0,0.5,1.7,0.2,0.0,0.0,0.7,0.2,1.5,0.38
Devonte' Graham,81,146,16,60.0,25.7,5.6,8.9,2.0,0.7,2.5,20.3,7.6,6.5,4.8,15.6,5.5,3.6,0.18
Dewayne Dedmon,99,76,2,32.4,14.4,10.2,2.5,0.7,1.6,2.1,11.1,5.7,3.4,2.1,2.5,0.8,5.8,0.27
Dillon Brooks,27,73,73,30.3,14.3,3.3,2.6,0.9,0.2,1.4,13.6,5.4,2.1,1.6,6.0,2.0,3.3,0.15
Dominick Barlow,19,28,0,14.6,3.9,3.6,0.9,0.4,0.7,0.5,3.1,1.6,0.9,0.6,0.1,0.0,2.0,0.26
Donovan Mitchell,26,68,68,35.8,28.3,4.3,4.4,1.5,0.4,2.6,20.6,10.0,5.4,4.7,9.3,3.6,2.5,0.37
Donte DiVincenzo,26,72,36,26.3,9.4,4.5,3.5,1.3,0.1,1.6,7.5,3.3,1.0,0.8,5.3,2.1,1.8,0.18
Dorian Finney-Smith,87,132,132,90.3,24.6,14.4,4.6,2.5,1.6,2.8,22.7,8.8,2.6,2.1,15.2,5.0,6.7,0.23
Doug McDermott,31,64,0,20.5,10.2,2.2,1.4,0.2,0.1,0.9,8.2,3.7,1.1,0.8,4.7,1.9,1.8,0.13
Draymond Green,32,73,73,31.5,8.5,7.2,6.8,1.0,0.8,2.8,6.5,3.4,1.5,1.1,1.8,0.5,3.1,0.25
Drew Eubanks,25,78,28,20.3,6.6,5.4,1.3,0.5,1.3,0.9,4.3,2.7,1.6,1.1,0.2,0.1,2.2,0.16
Dyson Daniels,19,59,11,17.7,3.8,3.2,2.3,0.7,0.2,1.0,3.5,1.5,0.7,0.4,1.5,0.5,1.7,0.12
DÄvis BertÄns,30,45,1,10.9,4.6,1.2,0.5,0.2,0.2,0.2,3.6,1.5,0.3,0.3,3.1,1.2,1.2,0.1
Eric Gordon,102,138,116,83.6,36.5,5.7,7.7,1.8,1.2,4.3,27.7,12.4,7.1,5.9,15.4,5.8,3.6,0.23
Eugene Omoruyi,75,80,12,49.8,21.6,8.6,2.2,2.1,0.3,2.7,17.7,7.8,5.9,4.0,6.9,1.9,6.9,0.25
Evan Fournier,30,27,7,17.0,6.1,1.8,1.3,0.6,0.1,0.8,6.1,2.1,0.8,0.7,4.2,1.3,1.7,0.19
Evan Mobley,21,79,79,34.4,16.2,9.0,2.8,0.8,1.5,1.8,12.0,6.6,3.8,2.6,1.3,0.3,2.8,0.28
Facundo Campazzo,31,8,0,6.5,1.3,0.3,1.1,0.8,0.0,0.4,1.6,0.4,0.3,0.1,1.4,0.4,0.4,0.21
Frank Jackson,24,1,0,5.0,0.0,2.0,1.0,0.0,0.0,0.0,3.0,0.0,0.0,0.0,1.0,0.0,0.0,0.0
Frank Kaminsky,87,72,0,19.2,7.0,4.4,2.8,0.5,0.4,0.6,5.4,2.5,1.3,1.2,2.8,1.0,1.5,0.16
Frank Ntilikina,24,47,5,12.9,2.9,1.3,1.2,0.3,0.1,0.6,2.8,1.0,0.7,0.5,1.4,0.4,1.4,0.07
Furkan Korkmaz,25,37,0,9.5,3.8,1.1,0.6,0.3,0.1,0.6,3.0,1.3,1.0,0.7,1.2,0.5,0.5,0.09
Garrison Mathews,78,108,0,35.4,14.4,4.0,1.3,1.0,0.3,0.9,10.9,4.1,2.9,2.6,9.5,3.5,3.0,0.12
Gary Harris,28,48,42,24.7,8.3,2.0,1.2,0.9,0.3,0.6,6.4,2.9,0.6,0.6,4.5,2.0,1.9,0.18
Gary Payton II,90,44,2,49.7,14.4,10.0,4.0,3.0,0.9,2.1,9.8,5.9,1.0,0.9,3.6,1.8,5.9,0.6
George Hill,108,92,2,52.3,15.2,5.3,6.8,1.7,0.5,2.1,10.5,5.1,3.3,2.6,6.1,2.4,3.7,0.23
Georges Niang,29,78,1,19.4,8.2,2.4,1.0,0.4,0.2,0.7,6.4,2.8,0.6,0.5,4.9,2.0,1.9,0.1
Giannis Antetokounmpo,28,63,63,32.1,31.1,11.8,5.7,0.8,0.8,3.9,20.3,11.2,12.3,7.9,2.7,0.7,3.1,0.52
Goga Bitadze,69,76,2,36.6,13.5,11.1,3.1,1.2,2.1,1.8,10.1,5.6,3.3,1.8,2.1,0.5,5.1,0.31
Goran DragiÄ‡,108,116,0,42.3,18.3,4.5,7.0,0.7,0.2,3.2,16.8,6.9,2.2,1.6,7.4,2.8,2.6,0.15
Gordon Hayward,32,50,50,31.5,14.7,4.3,4.1,0.8,0.2,2.0,11.6,5.5,3.2,2.6,3.2,1.0,1.4,0.31
Gorgui Dieng,33,31,1,11.5,3.9,3.5,1.7,0.1,0.5,1.0,3.8,1.5,0.4,0.3,2.4,0.7,1.8,0.2
Grayson Allen,27,72,70,27.4,10.4,3.3,2.3,0.9,0.2,1.0,7.7,3.4,1.8,1.6,5.1,2.0,1.6,0.16
Greg Brown III,21,16,0,5.8,1.8,1.2,0.2,0.3,0.3,0.4,1.8,0.7,0.8,0.3,0.4,0.1,0.8,0.11
Hamidou Diallo,24,56,0,17.8,9.3,3.5,1.0,0.9,0.3,1.3,6.7,3.8,2.6,1.6,0.4,0.1,2.2,0.18
Harrison Barnes,30,82,82,32.5,15.0,4.5,1.6,0.7,0.1,1.0,9.6,4.6,5.0,4.3,4.3,1.6,1.3,0.19
Haywood Highsmith,26,54,11,17.9,4.4,3.5,0.8,0.7,0.3,0.8,4.0,1.7,0.5,0.2,2.0,0.7,1.5,0.12
Herbert Jones,24,66,66,29.6,9.8,4.1,2.5,1.6,0.6,1.3,7.6,3.6,2.4,1.9,2.5,0.8,3.2,0.19
Isaac Okoro,22,76,46,21.7,6.4,2.5,1.1,0.7,0.4,0.6,4.7,2.3,1.4,1.0,2.3,0.8,2.1,0.1
Isaiah Hartenstein,24,82,8,19.8,5.0,6.5,1.2,0.6,0.8,0.8,4.0,2.1,0.9,0.6,0.5,0.1,2.6,0.14
Isaiah Jackson,21,63,12,16.5,7.2,4.5,0.8,0.5,1.5,0.8,5.0,2.8,2.3,1.5,0.2,0.0,2.4,0.17
Isaiah Joe,23,73,10,19.1,9.5,2.4,1.2,0.7,0.1,0.5,7.0,3.1,1.4,1.1,5.4,2.2,1.4,0.13
Isaiah Livers,24,52,22,23.1,6.7,2.8,0.8,0.5,0.5,0.6,5.5,2.3,0.8,0.6,3.9,1.4,2.0,0.14
Isaiah Mobley,23,13,0,6.5,2.4,1.5,0.2,0.3,0.2,0.1,2.2,0.9,0.3,0.3,0.6,0.2,0.6,0.25
JD Davison,20,12,0,5.5,1.6,0.8,0.9,0.2,0.2,0.3,1.6,0.7,0.2,0.1,0.6,0.2,0.4,0.2
Ja Morant,23,61,59,31.9,26.2,5.9,8.1,1.1,0.3,3.4,19.9,9.3,8.1,6.1,4.9,1.5,1.6,0.42
JaMychal Green,32,57,1,14.0,6.4,3.6,0.9,0.4,0.4,0.9,4.4,2.4,1.2,0.9,1.9,0.7,1.8,0.15
JaVale McGee,35,42,7,8.5,4.4,2.5,0.3,0.1,0.6,0.9,3.0,1.9,1.0,0.6,0.1,0.0,1.3,0.13
Jacob Gilyard,24,1,0,41.0,3.0,4.0,7.0,3.0,0.0,2.0,3.0,1.0,0.0,0.0,3.0,1.0,3.0,13.0
Jaden Hardy,20,48,5,14.8,8.8,1.9,1.4,0.4,0.1,1.0,6.9,3.0,1.6,1.4,3.3,1.3,1.3,0.16
Jaden Ivey,20,74,73,31.1,16.3,3.9,5.2,0.8,0.2,3.2,13.3,5.5,4.8,3.6,4.7,1.6,3.3,0.19
Jaden McDaniels,22,79,79,30.6,12.1,3.9,1.9,0.9,1.0,1.4,9.1,4.7,1.8,1.3,3.4,1.4,3.4,0.17
Jae Crowder,32,18,3,18.9,6.9,3.8,1.5,0.7,0.3,0.4,5.2,2.5,0.7,0.6,3.1,1.3,1.5,0.56
Jake LaRavia,21,35,0,11.8,3.0,1.8,0.6,0.3,0.1,0.5,2.7,1.1,0.3,0.2,2.0,0.7,1.4,0.1
Jakob Poeltl,81,144,142,79.8,37.7,27.2,8.0,2.9,3.6,4.9,25.8,16.4,8.4,5.0,0.0,0.0,8.3,0.43
Jalen Brunson,26,68,68,35.0,24.0,3.5,6.2,0.9,0.2,2.1,17.6,8.6,5.8,4.8,4.7,2.0,2.2,0.33
Jalen Duren,19,67,31,24.9,9.1,8.9,1.1,0.7,0.9,1.4,5.9,3.9,2.3,1.4,0.0,0.0,2.7,0.24
Jalen Green,20,76,76,34.2,22.1,3.7,3.7,0.8,0.2,2.6,17.9,7.4,6.1,4.8,7.3,2.5,1.7,0.21
Jalen Johnson,21,70,6,14.9,5.6,4.0,1.2,0.5,0.5,0.6,4.6,2.3,1.1,0.7,1.5,0.4,1.6,0.12
Jalen McDaniels,75,160,48,68.1,26.7,12.3,4.4,2.9,1.1,3.1,21.6,9.9,5.0,4.3,7.8,2.7,7.5,0.2
Jamal Cain,23,18,0,13.3,5.4,2.9,0.7,0.6,0.1,0.3,3.7,2.1,1.2,0.9,1.1,0.4,1.2,0.42
Jamal Murray,25,65,65,32.8,20.0,4.0,6.2,1.0,0.2,2.2,16.0,7.3,3.3,2.8,6.6,2.6,1.6,0.31
Jamaree Bouyea,69,10,0,36.5,6.8,3.5,1.8,1.8,0.9,1.8,7.1,2.7,0.9,0.5,3.5,0.9,3.5,0.82
James Bouknight,22,34,0,15.1,5.6,2.1,1.2,0.4,0.1,0.9,5.7,2.0,0.9,0.6,3.2,1.0,1.4,0.13
James Harden,33,58,58,36.8,21.0,6.1,10.7,1.2,0.5,3.4,14.5,6.4,6.2,5.4,7.2,2.8,1.9,0.47
James Johnson,35,18,1,9.0,2.8,1.7,0.8,0.4,0.3,0.4,2.7,1.2,0.4,0.2,0.8,0.2,1.8,0.22
Jared Butler,22,6,1,12.8,6.2,0.7,1.3,0.8,0.0,0.8,5.3,2.5,0.0,0.0,2.3,1.2,0.8,0.9
Jaren Jackson Jr.,23,63,63,28.4,18.6,6.8,1.0,1.0,3.0,1.7,13.0,6.6,4.9,3.8,4.5,1.6,3.6,0.34
Jarrell Brantley,26,4,0,9.8,5.5,1.5,0.8,0.0,0.5,0.5,3.5,2.0,0.5,0.5,2.3,1.0,0.8,1.58
Jarrett Allen,24,68,68,32.6,14.3,9.8,1.7,0.8,1.2,1.4,9.2,5.9,3.3,2.4,0.1,0.0,2.3,0.33
Jarrett Culver,23,10,1,13.7,4.4,3.8,0.6,0.6,0.2,0.7,4.3,1.7,1.3,0.9,1.2,0.1,1.4,0.59
Javonte Green,29,32,1,15.0,5.2,2.8,0.7,0.8,0.7,0.6,3.4,1.9,1.4,0.9,1.1,0.4,1.6,0.24
Jaxson Hayes,22,47,2,13.0,5.0,2.8,0.7,0.4,0.4,0.7,3.3,1.8,1.8,1.2,0.6,0.1,1.4,0.14
Jay Huff,24,7,0,13.6,7.3,3.0,1.4,0.4,0.6,0.7,3.6,2.1,2.3,2.1,1.7,0.9,2.1,1.47
Jaylen Brown,26,67,67,35.9,26.6,6.9,3.5,1.1,0.4,2.9,20.6,10.1,5.1,3.9,7.3,2.4,2.6,0.36
Jaylen Nowell,23,65,2,19.3,10.8,2.6,2.0,0.6,0.1,1.0,9.6,4.3,1.5,1.2,3.6,1.0,1.6,0.15
Jeff Dowtin,25,25,0,10.4,2.4,0.9,1.2,0.4,0.1,0.2,2.3,1.0,0.4,0.2,0.6,0.2,0.5,0.13
Jeff Green,36,56,4,19.5,7.8,2.6,1.2,0.3,0.3,0.8,5.9,2.9,2.1,1.6,1.9,0.5,1.8,0.14
Jerami Grant,28,63,63,35.7,20.5,4.5,2.4,0.8,0.8,1.8,14.5,6.9,5.4,4.4,5.7,2.3,2.4,0.3
Jevon Carter,27,81,39,22.3,8.0,2.5,2.4,0.8,0.4,1.0,7.0,3.0,0.5,0.4,4.2,1.8,2.0,0.11
Jimmy Butler,33,64,64,33.4,22.9,5.9,5.3,1.8,0.3,1.6,13.9,7.5,8.7,7.4,1.6,0.6,1.3,0.42
Jock Landale,27,69,4,14.2,6.6,4.1,1.0,0.2,0.4,0.9,4.9,2.6,1.5,1.1,1.2,0.3,1.8,0.13
Joe Harris,31,74,33,20.6,7.6,2.2,1.4,0.5,0.2,0.6,5.9,2.7,0.4,0.2,4.5,1.9,1.9,0.11
Joe Ingles,35,46,0,22.7,6.9,2.8,3.3,0.7,0.1,1.2,5.4,2.3,0.5,0.4,4.4,1.8,1.6,0.2
Joel Embiid,28,66,66,34.6,33.1,10.2,4.2,1.0,1.7,3.4,20.1,11.0,11.7,10.0,3.0,1.0,3.1,0.55
John Butler,20,19,1,11.6,2.4,0.9,0.6,0.4,0.5,0.1,2.8,0.9,0.2,0.2,1.8,0.4,1.2,0.15
John Collins,25,71,71,30.0,13.1,6.5,1.2,0.6,1.0,1.1,10.0,5.1,2.5,2.0,3.4,1.0,3.1,0.22
John Konchar,26,72,23,20.8,5.1,4.3,1.4,1.1,0.3,0.5,4.4,1.9,0.5,0.4,2.5,0.8,1.6,0.13
Johnny Davis,20,28,5,15.1,5.8,2.3,1.0,0.4,0.3,0.6,6.1,2.4,1.0,0.5,2.5,0.6,1.7,0.18
Johnny Juzang,21,18,0,12.9,4.8,2.2,0.4,0.2,0.2,0.2,5.8,1.9,0.2,0.1,3.5,0.8,0.7,0.2
Jonathan Isaac,25,11,0,11.3,5.0,4.0,0.5,1.3,0.4,0.4,4.8,2.0,0.8,0.5,1.4,0.5,0.5,0.7
Jonathan Kuminga,20,67,16,20.8,9.9,3.4,1.9,0.6,0.5,1.4,7.4,3.9,2.1,1.3,2.2,0.8,2.3,0.16
Jordan Clarkson,30,61,61,32.6,20.8,4.0,4.4,0.5,0.2,3.0,16.9,7.5,4.0,3.3,7.5,2.5,2.0,0.28
Jordan Goodwin,24,62,7,17.8,6.6,3.3,2.7,0.9,0.4,0.9,5.7,2.5,1.1,0.9,1.9,0.6,1.5,0.15
Jordan Hall,21,9,0,9.2,3.1,1.3,1.2,0.1,0.0,0.8,3.1,1.0,1.0,0.8,1.7,0.3,0.7,0.29
Jordan McLaughlin,26,43,0,15.8,3.7,1.4,3.4,0.7,0.1,0.8,3.4,1.4,0.4,0.3,1.8,0.6,0.7,0.15
Jordan Nwora,72,124,28,59.5,27.7,11.5,4.5,1.2,0.7,3.3,22.7,10.0,4.3,3.4,10.6,4.4,3.8,0.23
Jordan Poole,23,82,43,30.0,20.4,2.7,4.5,0.8,0.3,3.1,15.6,6.7,5.1,4.4,7.8,2.6,2.6,0.2
Jose Alvarado,24,61,10,21.5,9.0,2.3,3.0,1.1,0.2,1.3,8.0,3.3,1.3,1.1,4.0,1.4,2.0,0.15
Josh Christopher,21,64,2,12.3,5.8,1.1,1.1,0.5,0.2,0.9,5.1,2.4,0.9,0.7,1.4,0.3,0.9,0.08
Josh Giddey,20,76,76,31.1,16.6,7.9,6.2,0.8,0.4,2.8,14.7,7.1,1.9,1.4,3.1,1.0,1.9,0.28
Josh Green,22,60,21,25.7,9.1,3.0,1.7,0.7,0.1,1.2,6.4,3.4,1.6,1.1,2.8,1.1,2.6,0.16
Josh Hart,81,152,104,95.7,29.5,23.0,11.3,3.7,1.0,4.5,20.2,10.9,6.9,5.2,6.5,2.6,7.7,0.35
Josh Minott,20,15,0,6.4,3.1,1.7,0.3,0.3,0.4,0.2,2.4,1.2,0.5,0.5,0.4,0.1,0.7,0.29
Josh Okogie,24,72,26,18.8,7.3,3.5,1.5,0.8,0.5,0.9,5.8,2.3,2.7,1.9,2.7,0.9,1.6,0.12
Jrue Holiday,32,67,65,32.6,19.3,5.1,7.4,1.2,0.4,2.9,15.3,7.3,2.6,2.3,6.1,2.4,1.7,0.33
Juancho HernangÃ³mez,27,42,10,14.6,2.9,2.9,0.6,0.4,0.1,0.4,2.7,1.1,0.4,0.2,1.6,0.4,1.0,0.11
Julian Champagnie,63,34,6,43.2,20.7,7.5,1.3,1.2,0.6,1.3,17.1,7.4,2.1,1.7,10.7,4.1,3.2,0.59
Justin Champagnie,63,10,0,22.0,6.7,4.9,2.6,0.7,0.0,0.0,10.0,3.0,0.0,0.0,3.5,0.7,1.2,0.79
Justin Holiday,99,92,4,46.4,13.4,3.8,2.7,1.4,1.3,1.5,13.3,5.0,0.6,0.4,9.3,3.0,4.5,0.14
Justin Jackson,27,23,0,4.7,0.9,0.7,0.4,0.2,0.2,0.1,1.2,0.3,0.1,0.0,0.9,0.2,0.3,0.06
Justin Minaya,23,4,0,22.3,4.3,3.8,1.0,0.5,1.3,1.0,5.8,1.8,0.3,0.0,3.0,0.8,2.3,1.4
Jusuf NurkiÄ‡,28,52,52,26.8,13.3,9.1,2.9,0.8,0.8,2.3,9.7,5.0,3.7,2.4,2.3,0.8,3.6,0.36
KZ Okpala,23,35,3,7.1,1.3,1.0,0.4,0.2,0.2,0.2,1.1,0.5,0.2,0.2,0.6,0.2,1.1,0.07
Kai Jones,22,46,0,12.0,3.4,2.7,0.3,0.4,0.7,0.7,2.6,1.5,0.6,0.4,0.4,0.1,1.4,0.12
Kawhi Leonard,31,52,50,33.6,23.8,6.5,3.9,1.4,0.5,1.7,16.8,8.6,5.4,4.7,4.8,2.0,1.6,0.49
Keegan Murray,22,80,78,29.8,12.2,4.6,1.2,0.8,0.5,0.8,9.8,4.4,1.0,0.8,6.3,2.6,2.0,0.16
Keita Bates-Diop,27,67,42,21.7,9.7,3.7,1.5,0.7,0.3,0.8,6.9,3.5,2.2,1.8,2.1,0.8,0.9,0.17
Keldon Johnson,23,63,63,32.7,22.0,5.0,2.9,0.7,0.2,2.1,17.7,8.0,5.2,3.9,6.5,2.1,2.0,0.28
Kelly Olynyk,31,68,68,28.6,12.5,6.2,3.7,0.9,0.5,2.5,8.2,4.1,3.4,2.9,3.5,1.4,3.4,0.25
Kelly Oubre Jr.,27,48,40,32.3,20.3,5.2,1.1,1.4,0.4,1.3,17.1,7.4,4.3,3.3,7.1,2.3,2.9,0.34
Kendall Brown,19,6,0,6.7,1.5,1.0,0.5,0.7,0.0,0.3,1.2,0.7,0.3,0.2,0.2,0.0,1.5,0.47
Kendrick Nunn,81,140,4,41.4,21.3,4.7,4.0,1.2,0.3,2.8,19.2,8.2,1.7,1.5,9.5,3.4,2.8,0.12
Kennedy Chandler,20,36,0,7.8,2.2,1.1,1.6,0.3,0.1,0.5,2.3,1.0,0.4,0.2,0.4,0.1,0.4,0.09
Kenneth Lofton Jr.,20,24,1,7.3,5.0,2.1,0.8,0.2,0.1,0.5,3.9,2.0,1.1,0.7,0.7,0.3,1.2,0.22
Kentavious Caldwell-Pope,29,76,76,31.3,10.8,2.7,2.4,1.5,0.5,1.1,8.3,3.8,1.6,1.4,4.2,1.8,1.9,0.16
Kenyon Martin Jr.,22,82,49,28.0,12.7,5.5,1.5,0.5,0.4,1.1,8.8,5.0,2.7,1.8,2.6,0.8,1.8,0.18
Keon Ellis,23,16,0,4.4,1.5,0.5,0.4,0.3,0.1,0.1,1.0,0.4,0.4,0.3,0.8,0.4,0.6,0.12
Keon Johnson,20,40,0,10.4,4.7,1.1,1.5,0.5,0.2,1.1,4.5,1.7,1.0,0.7,2.0,0.7,1.1,0.1
Kessler Edwards,66,72,8,30.2,7.8,4.8,1.7,1.1,0.5,1.1,7.4,2.8,1.1,0.9,4.4,1.3,3.0,0.14
Kevin Durant,102,94,94,105.2,84.8,19.8,13.8,1.8,4.2,9.3,53.1,29.9,20.4,18.3,14.8,6.6,5.4,0.96
Kevin Huerter,24,75,75,29.4,15.2,3.3,2.9,1.1,0.3,1.3,11.5,5.6,1.7,1.3,6.8,2.7,2.4,0.2
Kevin Knox,69,126,10,46.3,20.7,8.7,1.8,1.2,0.5,2.5,16.9,7.6,3.1,2.3,9.1,3.0,4.3,0.16
Kevin Love,102,124,40,60.0,24.4,18.9,5.7,0.9,0.6,3.3,20.4,8.0,4.3,3.8,14.4,4.7,4.7,0.28
Kevin Porter Jr.,22,59,59,34.3,19.2,5.3,5.7,1.4,0.3,3.2,15.0,6.6,4.5,3.5,6.5,2.4,2.6,0.33
Kevon Harris,25,34,0,13.4,4.1,2.1,0.5,0.5,0.1,0.6,3.1,1.4,1.2,0.9,1.3,0.5,1.6,0.14
Kevon Looney,26,82,70,23.9,7.0,9.3,2.5,0.6,0.6,0.5,4.7,3.0,1.9,1.1,0.0,0.0,2.7,0.21
Khem Birch,30,20,0,8.1,2.2,1.3,0.4,0.3,0.3,0.4,1.6,1.0,0.3,0.2,0.1,0.1,1.2,0.17
Khris Middleton,31,33,19,24.3,15.1,4.2,4.9,0.7,0.2,2.2,12.3,5.4,3.1,2.8,4.9,1.5,2.1,0.48
Killian Hayes,21,76,56,28.3,10.3,2.9,6.2,1.4,0.4,2.3,10.7,4.0,1.5,1.2,3.8,1.1,2.9,0.16
Kira Lewis Jr.,21,25,0,9.4,4.6,1.3,0.9,0.4,0.1,0.4,3.5,1.6,0.9,0.8,1.4,0.6,1.0,0.2
Kris Dunn,28,22,3,25.8,13.2,4.5,5.6,1.1,0.5,1.6,9.8,5.3,2.4,1.9,1.6,0.8,2.6,0.83
Kyle Anderson,29,69,46,28.4,9.4,5.3,4.9,1.1,0.9,1.5,7.2,3.7,2.0,1.4,1.5,0.6,2.1,0.23
Kyle Kuzma,27,64,64,35.0,21.2,7.2,3.7,0.6,0.5,3.0,17.8,8.0,3.7,2.7,7.5,2.5,2.3,0.3
Kyle Lowry,36,55,44,31.2,11.2,4.1,5.1,1.0,0.4,1.9,8.8,3.6,2.5,2.1,5.6,1.9,2.6,0.26
Kyrie Irving,90,120,120,112.6,81.2,15.2,16.8,3.4,2.2,6.3,59.8,29.7,13.8,12.6,24.4,9.3,8.3,0.68
LaMelo Ball,21,36,36,35.2,23.3,6.4,8.4,1.3,0.3,3.6,20.0,8.2,3.4,2.8,10.6,4.0,3.3,0.66
Larry Nance Jr.,30,65,1,21.2,6.8,5.4,1.8,0.9,0.6,0.6,4.7,2.9,1.2,0.8,0.6,0.2,2.0,0.2
Lauri Markkanen,25,66,66,34.4,25.6,8.6,1.9,0.6,0.6,1.9,17.3,8.7,6.0,5.3,7.7,3.0,2.1,0.4
LeBron James,38,55,54,35.5,28.9,8.3,6.8,0.9,0.6,3.2,22.2,11.1,5.9,4.6,6.9,2.2,1.6,0.54
Leandro Bolmaro,22,14,0,4.9,0.4,0.5,0.5,0.2,0.1,0.5,1.4,0.2,0.0,0.0,0.3,0.0,0.7,0.0
Louis King,23,1,0,29.0,20.0,4.0,2.0,1.0,0.0,2.0,13.0,8.0,1.0,0.0,8.0,4.0,4.0,19.0
Luguentz Dort,23,74,73,30.7,13.7,4.6,2.1,1.0,0.3,1.2,11.8,4.6,3.5,2.7,5.5,1.8,3.3,0.17
Luka DonÄiÄ‡,23,66,66,36.2,32.4,8.6,8.0,1.4,0.5,3.6,22.0,10.9,10.5,7.8,8.2,2.8,2.5,0.51
Luka Garza,24,28,0,8.7,6.5,2.3,0.6,0.1,0.1,0.5,4.1,2.3,1.9,1.5,1.4,0.5,1.5,0.25
Luke Kennard,78,118,28,67.6,28.4,8.2,4.9,1.5,0.2,2.4,19.6,9.8,2.1,1.9,14.1,7.1,4.2,0.26
Luke Kornet,27,69,0,11.7,3.8,2.9,0.8,0.2,0.7,0.4,2.5,1.6,0.6,0.5,0.2,0.0,1.2,0.1
Mac McClung,24,2,0,20.5,12.5,5.0,4.5,0.0,0.0,1.5,10.0,4.5,2.5,1.5,5.5,2.0,1.5,7.0
Malachi Flynn,24,53,2,13.0,4.6,1.4,1.3,0.4,0.1,0.5,4.6,1.6,0.6,0.5,2.5,0.9,1.2,0.08
Malaki Branham,19,66,32,23.5,10.2,2.7,1.9,0.5,0.1,1.2,9.3,4.1,1.1,0.9,3.9,1.2,1.7,0.13
Malcolm Brogdon,30,67,0,26.0,14.9,4.2,3.7,0.7,0.3,1.5,10.9,5.3,2.7,2.4,4.4,2.0,1.6,0.24
Malcolm Hill,27,5,0,1.8,1.0,0.6,0.0,0.0,0.0,0.0,0.8,0.4,0.0,0.0,0.6,0.2,0.2,0.24
Malik Beasley,78,162,54,76.5,37.2,10.4,4.4,2.4,0.2,3.4,34.1,13.4,2.4,1.8,23.9,8.5,3.9,0.18
Malik Monk,24,77,0,22.3,13.5,2.6,3.9,0.6,0.3,1.9,10.3,4.6,2.7,2.4,5.2,1.9,1.6,0.17
Mamadi Diakite,26,22,2,8.0,2.6,1.4,0.4,0.2,0.4,0.5,2.3,1.1,0.1,0.1,1.0,0.3,1.2,0.15
MarJon Beauchamp,22,52,11,13.5,5.1,2.2,0.7,0.4,0.1,0.9,4.7,1.8,0.7,0.5,2.7,0.9,1.4,0.09
Marcus Morris,33,65,65,28.1,11.2,4.0,1.8,0.6,0.3,0.9,9.9,4.2,1.3,1.0,4.7,1.7,2.1,0.17
Markelle Fultz,24,60,60,29.6,14.0,3.9,5.7,1.5,0.4,2.3,11.3,5.8,2.4,1.9,1.5,0.5,2.2,0.29
Markieff Morris,99,70,4,29.5,11.9,5.7,2.6,0.7,0.3,1.5,10.4,4.3,0.7,0.7,6.6,2.5,4.5,0.19
Marvin Bagley III,23,42,25,23.6,12.0,6.4,0.9,0.5,0.7,1.1,9.1,4.8,2.6,1.9,1.6,0.5,1.9,0.34
Mason Plumlee,96,158,120,74.4,30.5,25.5,8.5,1.7,1.7,4.4,17.0,11.7,11.1,7.2,0.0,0.0,8.0,0.34
Matthew Dellavedova,32,32,0,6.7,1.5,0.4,1.3,0.2,0.0,0.3,1.6,0.5,0.2,0.1,0.8,0.3,0.6,0.06
Max Christie,19,41,3,12.5,3.1,1.8,0.5,0.2,0.2,0.3,2.6,1.1,0.4,0.3,1.5,0.6,0.8,0.1
Maxi Kleber,31,37,5,25.1,5.9,3.6,1.4,0.3,0.8,0.7,4.6,2.1,1.0,0.7,3.0,1.1,2.3,0.23
Meyers Leonard,30,9,2,12.7,4.8,3.8,0.1,0.2,0.0,0.7,3.2,1.6,1.0,0.9,2.0,0.8,1.8,0.72
Mfiondu Kabengele,25,4,0,9.0,1.5,2.5,0.0,0.5,0.0,0.3,1.8,0.5,0.5,0.5,0.8,0.0,0.8,0.73
Michael Carter-Williams,31,4,0,11.0,4.3,1.3,1.8,0.3,0.3,1.0,3.5,1.5,1.8,1.0,0.8,0.3,1.3,1.05
Michael Foster Jr.,20,1,0,1.0,0.0,0.0,0.0,0.0,0.0,0.0,0.0,0.0,0.0,0.0,0.0,0.0,0.0,0.0
Michael Porter Jr.,24,62,62,29.0,17.4,5.5,1.0,0.6,0.5,1.1,13.2,6.4,1.9,1.5,7.3,3.0,1.9,0.27
Mikal Bridges,78,166,166,106.3,63.4,13.2,9.6,3.3,2.1,4.7,47.5,22.3,14.0,12.5,16.7,6.3,5.6,0.36
Mike Conley,105,134,132,91.4,36.6,8.3,19.4,3.3,0.6,4.4,27.6,12.0,7.7,6.5,16.0,6.2,6.2,0.35
Mike Muscala,93,126,18,45.7,18.2,9.7,2.3,0.7,1.1,1.2,13.8,6.3,2.4,1.8,9.9,3.9,4.6,0.18
Miles McBride,22,64,2,11.9,3.5,0.8,1.1,0.6,0.1,0.4,3.4,1.2,0.7,0.4,2.1,0.6,0.9,0.05
Mo Bamba,72,98,14,42.5,17.6,13.8,2.4,0.7,2.5,2.1,13.3,6.3,3.8,2.4,7.0,2.7,6.4,0.27
Monte Morris,27,62,61,27.3,10.3,3.4,5.3,0.7,0.2,1.0,8.3,4.0,1.2,1.0,3.3,1.3,1.2,0.23
Montrezl Harrell,29,57,7,11.9,5.6,2.8,0.6,0.3,0.4,0.6,3.7,2.2,1.8,1.2,0.1,0.0,1.3,0.12
Moses Brown,69,72,2,19.7,8.9,8.0,0.2,0.7,0.8,1.3,5.5,3.5,4.1,1.9,0.0,0.0,2.7,0.18
Moses Moody,20,63,3,13.0,4.8,1.7,0.8,0.3,0.1,0.5,3.6,1.7,0.8,0.6,2.1,0.8,0.9,0.08
Moussa DiabatÃ©,21,22,1,8.9,2.7,2.3,0.2,0.3,0.4,0.4,2.1,1.1,0.7,0.5,0.1,0.0,0.7,0.2
Naji Marshall,25,77,21,23.3,9.1,3.6,2.5,0.7,0.2,1.3,7.4,3.2,2.3,1.8,2.8,0.9,1.5,0.13
Nassir Little,22,54,4,18.1,6.6,2.6,0.9,0.4,0.4,0.7,5.6,2.5,0.9,0.6,2.9,1.1,1.2,0.13
Nathan Knight,25,38,0,7.7,3.7,1.5,0.3,0.3,0.2,0.6,2.1,1.2,1.5,1.0,0.6,0.2,1.1,0.11
Nerlens Noel,84,34,8,36.7,5.4,8.3,2.1,2.8,1.5,3.1,6.2,2.0,2.1,1.3,0.2,0.2,6.0,0.35
Nic Claxton,23,76,76,29.9,12.6,9.2,1.9,0.9,2.5,1.3,7.7,5.4,3.2,1.8,0.0,0.0,2.8,0.29
Nickeil Alexander-Walker,72,118,6,45.2,18.4,5.1,5.3,1.5,1.1,2.6,15.1,6.6,3.0,2.1,8.2,3.1,4.4,0.16
Nicolas Batum,34,78,19,21.9,6.1,3.8,1.6,0.7,0.6,0.6,4.9,2.1,0.6,0.4,4.1,1.6,1.9,0.12
Nikola JokiÄ‡,27,69,69,33.7,24.5,11.8,9.8,1.3,0.7,3.6,14.8,9.4,6.0,4.9,2.2,0.8,2.5,0.55
Nikola JoviÄ‡,19,15,8,13.6,5.5,2.1,0.7,0.5,0.1,0.7,4.6,1.9,1.3,1.2,2.3,0.5,1.3,0.36
OG Anunoby,25,67,67,35.6,16.8,5.0,2.0,1.9,0.7,2.0,13.2,6.3,2.5,2.1,5.5,2.1,3.0,0.26
Ochai Agbaji,22,59,22,20.5,7.9,2.1,1.1,0.3,0.3,0.7,6.5,2.8,1.2,0.9,3.9,1.4,1.7,0.12
Onyeka Okongwu,22,80,18,23.1,9.9,7.2,1.0,0.7,1.3,1.0,6.2,4.0,2.5,1.9,0.2,0.1,3.1,0.2
Oshae Brissett,24,65,2,16.7,6.1,3.4,0.7,0.5,0.2,0.5,4.9,1.9,2.2,1.6,2.4,0.7,1.2,0.1
Ousmane Dieng,19,39,1,14.6,4.9,2.7,1.2,0.4,0.2,0.7,4.6,1.9,0.6,0.4,2.5,0.7,1.1,0.15
PJ Dozier,26,16,0,4.9,1.4,0.9,0.6,0.4,0.1,0.3,2.1,0.6,0.0,0.0,1.0,0.1,0.4,0.1
Paolo Banchero,20,72,72,33.8,20.0,6.9,3.7,0.8,0.5,2.8,15.6,6.7,7.4,5.5,4.0,1.2,2.2,0.25
Pat Connaughton,30,61,33,23.7,7.6,4.6,1.3,0.6,0.2,0.5,6.9,2.7,0.7,0.4,5.3,1.8,1.1,0.15
Patrick Baldwin Jr.,20,31,0,7.3,3.9,1.3,0.4,0.2,0.1,0.4,3.5,1.4,0.2,0.1,2.7,1.0,0.5,0.11
Patrick Beverley,102,134,134,81.5,18.4,11.7,9.0,2.8,1.9,2.6,16.2,6.4,2.8,2.0,10.8,3.5,8.5,0.23
Patty Mills,34,40,2,14.2,6.2,1.1,1.4,0.4,0.1,0.8,5.2,2.2,0.8,0.6,3.4,1.2,0.8,0.13
Paul George,32,56,56,34.6,23.8,6.1,5.1,1.5,0.4,3.1,17.9,8.2,5.3,4.6,7.6,2.8,2.8,0.42
Precious Achiuwa,23,55,12,20.7,9.2,6.0,0.9,0.6,0.5,1.1,7.3,3.6,2.3,1.6,2.0,0.5,1.9,0.21
Quentin Grimes,22,71,66,29.9,11.3,3.2,2.1,0.7,0.4,1.0,8.5,4.0,1.4,1.1,5.7,2.2,2.5,0.17
Quenton Jackson,24,9,0,15.0,6.2,0.9,1.7,0.4,0.1,0.4,4.7,2.1,2.4,1.9,1.3,0.1,1.1,0.64
R.J. Hampton,63,94,6,48.4,19.4,5.7,3.4,1.7,0.6,2.7,15.3,6.6,4.9,3.6,7.5,2.7,3.3,0.19
RJ Barrett,22,73,73,33.9,19.6,5.0,2.8,0.4,0.2,2.2,16.1,7.0,5.4,4.0,5.3,1.7,2.5,0.21
RaiQuan Gray,23,1,0,35.0,16.0,9.0,7.0,0.0,1.0,4.0,12.0,6.0,2.0,2.0,5.0,2.0,5.0,23.0
Raul Neto,30,48,1,10.5,3.3,1.0,1.6,0.4,0.1,0.5,2.3,1.2,0.7,0.6,0.9,0.3,1.0,0.1
Reggie Bullock,31,78,55,30.3,7.2,3.6,1.4,0.7,0.2,0.5,6.0,2.5,0.5,0.3,5.1,1.9,2.1,0.11
Reggie Jackson,96,136,80,70.0,29.0,6.1,10.0,2.0,0.3,4.7,27.2,11.1,3.2,2.8,12.7,4.1,4.9,0.19
Richaun Holmes,29,42,1,8.3,3.1,1.9,0.2,0.1,0.3,0.3,2.1,1.3,0.5,0.4,0.2,0.1,1.2,0.1
Robert Covington,32,48,0,16.2,6.0,3.5,1.2,0.8,0.7,0.7,4.8,2.1,0.8,0.6,2.8,1.1,1.8,0.18
Robin Lopez,34,37,2,8.1,3.0,1.4,0.5,0.1,0.2,0.7,2.0,1.3,0.5,0.4,0.1,0.1,1.2,0.1
Rodney McGruder,31,32,12,16.4,5.7,2.3,0.9,0.5,0.0,0.3,4.8,1.9,0.7,0.6,3.0,1.3,1.2,0.19
Romeo Langford,23,43,21,19.6,6.9,2.7,1.2,0.6,0.3,0.7,6.0,2.8,1.3,0.9,1.4,0.4,1.6,0.17
Ron Harper Jr.,22,9,0,5.3,2.2,0.8,0.4,0.0,0.1,0.0,1.8,0.9,0.1,0.1,1.0,0.3,0.3,0.29
Royce O'Neale,29,76,53,31.7,8.8,5.1,3.7,0.9,0.6,1.5,7.8,3.0,0.9,0.7,5.5,2.1,3.1,0.17
Rudy Gay,36,56,0,14.6,5.2,2.9,1.0,0.3,0.3,0.7,5.1,1.9,0.9,0.8,2.3,0.6,1.2,0.1
Rudy Gobert,30,70,70,30.7,13.4,11.6,1.2,0.8,1.4,1.7,7.8,5.1,4.9,3.1,0.0,0.0,3.0,0.32
Rui Hachimura,72,126,18,70.0,33.8,13.5,2.8,0.9,1.2,2.5,28.0,13.6,5.6,4.2,7.7,2.4,3.4,0.27
Ryan Arcidiacono,84,40,8,27.2,4.2,2.4,3.7,0.8,0.0,1.2,6.0,1.5,0.0,0.0,3.7,1.3,2.8,0.14
Saben Lee,69,50,2,35.7,15.3,3.8,6.5,2.1,0.0,3.4,11.9,5.5,4.8,3.5,3.0,0.9,3.1,0.33
Saddiq Bey,69,154,74,81.6,40.2,14.2,4.5,2.7,0.4,2.6,31.8,13.6,8.3,7.2,16.0,5.9,4.8,0.26
Sam Hauser,25,80,8,16.1,6.4,2.6,0.9,0.4,0.3,0.4,5.0,2.3,0.2,0.2,4.2,1.8,1.2,0.09
Sam Merrill,26,5,0,11.8,5.0,1.8,1.0,0.8,0.0,0.0,4.4,1.8,0.4,0.4,3.6,1.0,0.6,1.2
Sandro Mamukelashvili,69,86,14,47.6,19.3,13.4,4.5,1.0,0.9,2.6,16.8,7.2,4.2,2.8,7.1,2.2,3.7,0.3
Santi Aldama,22,77,20,21.8,9.0,4.8,1.3,0.6,0.6,0.8,6.8,3.2,1.9,1.4,3.5,1.2,1.9,0.15
Scottie Barnes,21,77,76,34.8,15.3,6.6,4.8,1.1,0.8,2.0,13.2,6.0,3.2,2.5,2.9,0.8,2.2,0.24
Scotty Pippen Jr.,22,6,0,5.3,2.3,0.7,0.3,0.3,0.2,0.3,2.0,0.7,1.5,0.8,0.5,0.2,0.5,0.25
Serge Ibaka,33,16,0,11.6,4.1,2.8,0.3,0.1,0.4,0.7,3.4,1.6,0.8,0.5,1.1,0.4,1.4,0.31
Seth Curry,32,61,7,19.9,9.2,1.6,1.6,0.6,0.1,0.8,7.4,3.4,0.9,0.8,3.8,1.5,1.6,0.13
Shai Gilgeous-Alexander,24,68,68,35.5,31.4,4.8,5.5,1.6,1.0,2.8,20.3,10.4,10.9,9.8,2.5,0.9,2.8,0.45
Shake Milton,26,76,11,20.6,8.4,2.5,3.2,0.3,0.2,1.2,6.6,3.2,1.5,1.3,1.9,0.7,1.6,0.13
Shaquille Harrison,29,5,0,24.0,8.8,4.4,6.0,2.2,0.4,1.2,7.2,3.0,3.0,2.2,2.0,0.6,2.4,3.12
Simone Fontecchio,27,52,6,14.7,6.3,1.7,0.8,0.3,0.2,0.8,6.0,2.2,0.8,0.7,3.7,1.2,1.2,0.09
Skylar Mays,25,6,6,31.5,15.3,3.2,8.3,1.0,0.2,1.7,11.3,5.7,2.2,2.0,4.3,2.0,1.8,3.42
Spencer Dinwiddie,87,158,158,103.9,51.5,10.6,20.9,2.6,0.9,5.6,40.1,17.3,12.8,10.4,18.3,6.6,7.1,0.35
Stanley Johnson,26,30,0,15.6,5.8,3.2,2.2,0.5,0.2,1.1,4.1,2.2,1.3,0.9,1.3,0.6,1.6,0.28
Stephen Curry,34,56,56,34.7,29.4,6.1,6.3,0.9,0.4,3.2,20.2,10.0,5.0,4.6,11.4,4.9,2.1,0.52
Sterling Brown,27,4,0,6.0,0.0,2.0,0.5,0.8,0.0,0.0,1.0,0.0,0.0,0.0,0.5,0.0,1.0,0.57
Steven Adams,29,42,42,27.0,8.6,11.5,2.3,0.9,1.1,1.9,6.3,3.7,3.1,1.1,0.0,0.0,2.3,0.43
Svi Mykhailiuk,75,64,16,40.2,19.1,4.6,4.5,1.3,0.3,2.2,14.8,6.6,3.4,2.2,8.6,3.7,2.0,0.28
T.J. McConnell,30,75,6,20.3,8.7,3.1,5.3,1.1,0.1,1.9,6.9,3.8,0.9,0.8,0.8,0.3,1.4,0.18
Taj Gibson,37,49,2,9.8,3.4,1.9,0.7,0.3,0.2,0.5,2.6,1.3,0.9,0.6,0.5,0.2,1.7,0.09
Talen Horton-Tucker,22,65,20,20.2,10.7,3.2,3.8,0.6,0.4,1.9,9.4,4.0,2.6,1.9,3.1,0.9,1.7,0.16
Tari Eason,21,82,5,21.5,9.3,6.0,1.1,1.2,0.6,1.2,8.0,3.6,1.8,1.3,2.1,0.7,2.3,0.15
Terance Mann,26,81,36,23.1,8.8,3.4,2.3,0.5,0.3,1.0,6.5,3.4,1.5,1.1,2.4,1.0,1.8,0.13
Terence Davis,25,64,5,13.1,6.7,2.2,1.0,0.7,0.2,0.8,5.7,2.4,0.7,0.5,3.8,1.4,1.6,0.1
Thanasis Antetokounmpo,30,37,0,5.6,1.4,1.2,0.4,0.1,0.1,0.3,1.2,0.5,0.6,0.3,0.2,0.0,0.6,0.05
Theo Pinson,27,40,1,8.1,2.4,1.6,1.2,0.2,0.0,0.3,2.2,0.8,0.3,0.3,1.6,0.6,0.9,0.09
Thomas Bryant,75,118,52,51.1,26.5,15.8,1.3,0.7,1.5,1.9,17.4,10.5,5.7,4.3,2.7,1.1,5.0,0.3
ThÃ©o Maledon,21,44,7,19.4,6.7,2.8,3.5,0.8,0.3,1.3,5.8,2.3,1.7,1.4,2.2,0.6,1.4,0.2
Tim Hardaway Jr.,30,71,45,30.3,14.4,3.5,1.8,0.7,0.2,0.8,11.9,4.8,2.3,1.8,7.7,3.0,1.7,0.17
Tobias Harris,30,74,74,32.9,14.7,5.7,2.5,0.9,0.5,1.2,11.4,5.7,1.7,1.5,4.4,1.7,2.0,0.23
Tony Bradley,25,12,0,2.8,1.6,0.9,0.1,0.1,0.1,0.1,1.0,0.5,0.3,0.3,0.4,0.3,0.2,0.18
Torrey Craig,32,79,60,24.7,7.4,5.4,1.5,0.6,0.8,0.9,6.3,2.9,0.6,0.4,3.2,1.3,2.3,0.14
Tre Jones,23,68,65,29.2,12.9,3.6,6.6,1.3,0.1,1.6,10.9,5.0,2.5,2.2,2.3,0.7,1.4,0.25
Tre Mann,21,67,5,17.7,7.7,2.3,1.8,0.6,0.2,0.9,7.5,2.9,0.8,0.6,3.8,1.2,1.5,0.1
Trent Forrest,24,23,3,12.0,2.3,1.6,1.7,0.3,0.1,0.7,2.6,1.1,0.1,0.1,0.1,0.0,0.7,0.17
Trevor Hudgins,23,5,0,5.6,1.8,0.0,0.6,0.0,0.0,0.2,1.8,0.4,0.6,0.6,1.6,0.4,0.2,0.16
Trevor Keels,19,3,0,2.7,1.0,0.7,0.0,0.0,0.0,0.0,1.3,0.3,0.0,0.0,1.3,0.3,0.0,0.23
Trey Lyles,27,74,0,16.9,7.6,4.1,0.9,0.4,0.4,0.9,5.5,2.5,1.7,1.4,3.2,1.2,1.3,0.12
Trey Murphy III,22,79,65,31.0,14.5,3.6,1.4,1.1,0.5,0.8,10.1,4.9,2.4,2.2,6.3,2.6,2.0,0.19
Troy Brown Jr.,23,76,45,24.5,7.1,4.1,1.3,0.8,0.2,0.6,6.1,2.6,0.5,0.4,3.7,1.4,1.6,0.12
Ty Jerome,25,45,2,18.1,6.9,1.7,3.0,0.5,0.1,0.7,5.4,2.6,0.9,0.8,2.0,0.8,1.4,0.19
Tyler Dorsey,26,3,0,2.7,3.0,0.7,0.0,0.0,0.0,0.0,1.7,1.3,0.0,0.0,0.7,0.3,0.0,1.1
Tyler Herro,23,67,67,34.9,20.1,5.4,4.2,0.8,0.2,2.4,16.6,7.3,2.7,2.5,8.0,3.0,1.5,0.28
Tyrese Haliburton,22,56,56,33.6,20.7,3.7,10.4,1.6,0.4,2.5,15.0,7.4,3.6,3.1,7.2,2.9,1.2,0.47
Tyrese Martin,23,16,0,4.1,1.3,0.8,0.1,0.1,0.0,0.1,1.4,0.6,0.1,0.1,0.4,0.1,0.1,0.09
Tyrese Maxey,22,60,41,33.6,20.3,2.9,3.5,0.8,0.1,1.3,15.2,7.3,3.6,3.0,6.2,2.7,2.2,0.3
Tyus Jones,26,80,22,24.3,10.3,2.5,5.2,1.0,0.1,0.9,8.9,3.9,1.3,1.0,4.1,1.5,0.4,0.16
Udoka Azubuike,23,36,4,10.0,3.5,3.3,0.3,0.2,0.4,0.5,2.0,1.6,0.6,0.2,0.0,0.0,0.9,0.18
Udonis Haslem,42,7,1,10.1,3.9,1.6,0.0,0.1,0.3,0.1,4.1,1.4,0.7,0.6,1.3,0.4,1.6,0.43
Usman Garuba,20,75,1,12.9,3.0,4.1,0.9,0.6,0.4,0.6,2.4,1.1,0.6,0.4,0.8,0.3,1.8,0.09
Vernon Carey Jr.,21,11,0,2.5,0.5,1.0,0.3,0.2,0.2,0.2,0.7,0.2,0.2,0.2,0.0,0.0,0.5,0.14
Victor Oladipo,30,42,2,26.3,10.7,3.0,3.5,1.4,0.3,2.1,9.6,3.8,1.9,1.4,5.0,1.7,2.4,0.25
Vit Krejci,22,29,0,5.7,1.2,0.9,0.6,0.2,0.0,0.2,1.3,0.5,0.1,0.0,0.7,0.2,0.6,0.06
Vlatko ÄŒanÄar,25,60,9,14.8,5.0,2.1,1.3,0.4,0.2,0.6,3.8,1.8,0.7,0.6,1.9,0.7,1.4,0.11
Walker Kessler,21,74,40,23.0,9.2,8.4,0.9,0.4,2.3,0.8,5.6,4.0,2.1,1.1,0.0,0.0,2.3,0.24
Wendell Carter Jr.,23,57,54,29.6,15.2,8.7,2.3,0.5,0.6,1.9,10.8,5.6,3.4,2.5,3.9,1.4,2.8,0.34
Wendell Moore Jr.,21,29,2,5.3,1.4,0.6,0.6,0.3,0.2,0.3,1.5,0.6,0.2,0.1,0.6,0.1,0.4,0.06
Wenyen Gabriel,25,68,2,15.1,5.5,4.2,0.5,0.4,0.5,0.7,3.8,2.3,1.2,0.8,0.5,0.1,2.1,0.12
Wesley Matthews,36,52,0,15.8,3.4,2.2,0.7,0.4,0.3,0.3,3.1,1.1,0.5,0.5,2.4,0.8,1.4,0.09
Will Barton,96,112,4,50.5,19.0,6.8,5.5,1.6,0.7,2.2,18.5,7.1,2.0,1.7,9.3,3.4,3.1,0.18
Willy HernangÃ³mez,28,38,2,12.1,6.9,4.7,0.9,0.4,0.3,1.0,4.4,2.3,2.7,2.1,0.3,0.1,1.7,0.25
Xavier Cooks,27,10,1,12.6,3.8,3.8,0.6,0.6,0.4,0.8,2.8,1.7,1.0,0.4,0.1,0.0,1.3,0.67
Xavier Moon,28,4,0,5.0,1.8,0.8,1.3,0.0,0.0,0.3,2.3,0.8,0.0,0.0,0.8,0.3,0.5,0.53
Zach Collins,25,63,26,22.9,11.6,6.4,2.9,0.6,0.8,2.0,8.7,4.5,2.3,1.7,2.3,0.9,3.2,0.25
Zach LaVine,27,77,77,35.9,24.8,4.5,4.2,0.9,0.2,2.5,18.0,8.7,5.6,4.7,7.1,2.6,2.1,0.28
Zeke Nnaji,22,53,5,13.7,5.2,2.6,0.3,0.3,0.4,0.6,3.7,2.1,1.2,0.8,1.2,0.3,2.0,0.12
